,eta_squared
machine:Pressure_mean_s5,0.9997396369717573
machine:Pressure_mean_s4,0.9991918540459455
oes:272.2nm_pos3,0.9990589943220092
oes:272.2nm_pos2,0.9988745784968727
machine:Endpt A_mean_s4,0.9987310590230906
machine:Endpt A_plateau,0.9987100887459766
oes:544.2nm_pos2,0.9986516257698258
oes:278.3nm_pos2,0.9984705322488663
machine:Endpt A_mean_s5,0.9982774161658855
oes:544.2nm_pos3,0.9981018477703268
oes:278.3nm_pos3,0.997926934085828
oes:272.2nm_pos1,0.9978312072984814
oes:278.3nm_pos1,0.9977922051529512
machine:Endpt A_std_s5,0.997757494773369
oes:261.8nm_pos2,0.997140731429248
rfm:S34PI5_cos_s5,0.9971028865531322
rfm:S34PI5_sin_s5,0.9970223950484458
rfm:S34I5_mean_s4,0.996606138081779
rfm:S3I5_mean_s4,0.9965810513024437
rfm:S34PV4_sin_s4,0.9964045350844966
rfm:S34PV4_cos_s4,0.9960285723773601
rfm:S3I4_mean_s4,0.995984326804961
rfm:S3V2_mean_s4,0.9959294399453282
rfm:S2V2_mean_s4,0.995886562479809
rfm:S34PI5_cos_s4,0.9958514914533724
rfm:S34PI2_cos_s4,0.9958093657391989
rfm:S1V5_mean_s4,0.9957806146831436
rfm:S1V2_mean_s4,0.9957723270845898
rfm:S1V3_mean_s4,0.9957706282004959
rfm:S2V5_mean_s4,0.9956742737351479
