,t2,q,t2_ratio,q_ratio,alarm,experiment,run_order,role,fault
2901,25.41981034928379,1.1106676581911665,0.9877493253757046,0.0985236761043054,False,29,1,phase1,normal
2903,10.477787828248779,1.1349873864569118,0.40714024678292293,0.1006809992359623,False,29,3,phase1,normal
2904,9.096357440596451,1.2266502506521526,0.3534613674086112,0.10881211053299301,False,29,4,phase1,normal
2905,8.57355349583654,1.408936697857148,0.3331465327719748,0.12498214191022644,False,29,5,phase1,normal
2906,4.328208448690396,1.1375390184523533,0.16818319714174493,0.10090734612056114,False,29,6,phase1,normal
2907,10.260491139126051,1.0064581443767586,0.39869664885130435,0.08927959277270027,False,29,7,phase1,normal
2908,5.661350314630348,1.1358749380136022,0.21998570709829135,0.10075973101630391,False,29,8,phase1,normal
2909,7.234838212181082,1.0671294455410796,0.28112745394599603,0.09466154441291943,False,29,9,phase1,normal
2910,43.963928806146285,0.8036943292254543,1.7083267114288292,0.07129308141414054,True,29,10,phase1,normal
2911,9.350153619223267,1.7872181390615025,0.3633232428819911,0.1585382447773839,False,29,11,phase1,normal
2912,2.483882351482567,1.247778388581884,0.09651736512891218,0.11068631817982959,False,29,12,phase1,normal
2913,3.724111846225912,1.1653177726440318,0.14470953611331552,0.10337150806889707,False,29,13,phase1,normal
2914,3.2693155925975543,1.0492050804436373,0.12703730777910746,0.09307153292009196,False,29,14,phase1,normal
2915,182.11798606113183,43.34918983369321,7.076642799411495,3.8453640988470497,True,29,15,fault,TCP +50
2917,940.3018241116383,844.316585291556,36.53774279405605,74.89654818457015,True,29,17,fault,RF +10
2918,138.43583178669607,188.6047617880162,5.379265131259575,16.730508289396745,True,29,18,fault,Pr +3
2920,5.853065488584192,1.240264638959233,0.2274352722655834,0.110019798155868,False,29,20,phase1,normal
2921,6.979160284474014,1.2884854606681397,0.2711924584784461,0.11429730870053363,False,29,21,phase1,normal
2922,8.623201604109418,1.6366712616684658,0.3350757322734218,0.1451837262790761,False,29,22,phase1,normal
2923,6.332989581810713,1.1399449176738377,0.24608390468267774,0.1011207655299488,False,29,23,phase1,normal
2924,21.67711782149792,1.4788292238539644,0.8423177911269314,0.13118207808612692,False,29,24,phase1,normal
2925,1.9139486461037487,1.1900798844324687,0.07437118759015393,0.10556807358830346,False,29,25,phase1,normal
2926,4.324764426803465,1.1940117166479365,0.16804937119069915,0.10591685349634913,False,29,26,phase1,normal
2927,5.046393675671231,1.2846229921325196,0.19609005260988985,0.1139546818164608,False,29,27,phase1,normal
2928,3.621580825998066,1.2444530368523847,0.14072544084790806,0.11039133716159803,False,29,28,phase1,normal
2929,4.7399041010920655,1.1545337320855509,0.18418064548349924,0.10241489128867154,False,29,29,phase1,normal
2930,1.7695855548453763,1.5104825584889725,0.06876160419671896,0.13398994132604486,False,29,30,phase1,normal
2931,8.204476256344417,1.1901504500901914,0.31880512780826137,0.10557433323578153,False,29,31,phase1,normal
2932,4.210256727460908,1.4216038349542208,0.1635998925666731,0.12610580199280536,False,29,32,phase1,normal
2933,3.6245139436346347,1.3742464424638745,0.140839414356245,0.12190488341517963,False,29,33,phase1,normal
2934,4.168456598572248,1.3802997865439626,0.16197564562922281,0.1224418556652457,False,29,34,phase1,normal
2935,5.913731493339886,1.0178712470362659,0.229792599265561,0.0902920115835638,False,29,35,phase1,normal
2936,13.343148771760099,3.5921545074565584,0.5184809019657002,0.3186482154217511,False,29,36,fault,TCP +10
2937,52.50833315713524,29.930950267853053,2.0403405824003085,2.6550761858741954,True,29,37,fault,BCl3 +5
2938,142.0212594710419,150.06788024064676,5.518585752764359,13.312028235852672,True,29,38,fault,Pr -2
2939,24.826587211393687,19.228502193912195,0.9646981795883515,1.705697206677696,True,29,39,fault,Cl2 -5
2940,3.4979134835361054,3.976856572839287,0.1359200417355874,0.35277387074888367,False,29,40,fault,He Chuck
2941,6.139569772533454,1.8729579684824709,0.23856810171236592,0.16614394313441297,False,29,41,phase1,normal
2942,10.205647084671451,1.1388304818520987,0.39656554806636374,0.10102190759244581,False,29,42,phase1,normal
2943,17.004036430564724,1.7791980392892839,0.6607337065922458,0.15782680809652372,False,29,43,phase1,normal
3101,46.07976180915869,0.5581582198980447,1.790542612830786,0.049512380473696584,True,31,1,phase1,normal
3102,12.227000609190016,1.3578543028999492,0.4751102166832667,0.12045079061150246,False,31,2,phase1,normal
3103,9.575498983083596,1.2568148974917979,0.3720795918897583,0.11148791717336107,False,31,3,phase1,normal
3104,8.088520008245329,1.4436162242481316,0.3142993622553646,0.12805844867075686,False,31,4,phase1,normal
3105,9.207292295866852,1.4208325187191466,0.35777201437837025,0.12603738106566484,False,31,5,phase1,normal
3106,14.584427565655057,0.9643595528861277,0.5667138460524548,0.08554516514092306,False,31,6,phase1,normal
3107,8.15735947228476,1.2441028727549486,0.31697428914230297,0.11036027525584727,False,31,7,phase1,normal
3108,6.2278917290942255,1.4818230628222406,0.24200006882030395,0.13144765169731792,False,31,8,phase1,normal
3109,5.493478669355365,1.4637240308169643,0.2134626409506029,0.12984214607739794,False,31,9,phase1,normal
3110,8.161786518271889,1.5712072854975765,0.31714631291538026,0.13937663219724722,False,31,10,phase1,normal
3111,2.3607086767275804,1.4477717574559645,0.09173114869096333,0.1284270723583107,False,31,11,phase1,normal
3112,5.640250121985215,1.1485172571830602,0.21916580715552428,0.101881189582125,False,31,12,phase1,normal
3113,5.26724155382955,1.5491532204208724,0.20467164073600586,0.1374202885976333,False,31,13,phase1,normal
3114,13.860828985890107,1.0047358445043593,0.5385966414319339,0.08912681321390847,False,31,14,phase1,normal
3115,4.314848041482405,1.5599448481206108,0.16766404562074194,0.13837757840821344,False,31,15,phase1,normal
3116,12.297508579395851,1.0446093994984307,0.47784997748586394,0.09266386517395298,False,31,16,phase1,normal
3117,5.7324382789578845,1.440877568166654,0.22274800500067654,0.12781551149441733,False,31,17,phase1,normal
3118,7.969092318050119,1.5376690830592485,0.3096587052716739,0.13640156853190574,False,31,18,phase1,normal
3119,7.032137647100727,1.4128105424106907,0.2732510243558345,0.12532577792344504,False,31,19,phase1,normal
3120,313.35107593779645,321.77163528650516,12.17602765757968,28.54330378733671,True,31,20,fault,TCP +30
3121,5.320095731230999,4.765059627293398,0.20672541994813282,0.42269277211307094,False,31,21,fault,Cl2 +5
3123,4.31917161010899,1.473427923313227,0.1678320485261706,0.13070294647453007,False,31,23,phase1,normal
3124,13.398527939862042,1.5799729072113047,0.5206327959090828,0.14015420167827697,False,31,24,phase1,normal
3126,5.9823289922648355,1.392018114879966,0.2324581240021564,0.12348135004229505,False,31,26,phase1,normal
3127,9.34689582460674,1.3791224793667365,0.36319665325010664,0.12233742061651724,False,31,27,phase1,normal
3128,8.350425966891526,1.202558028894016,0.3244763632010836,0.10667496875558907,False,31,28,phase1,normal
3129,4.760961722713841,1.2559220526746222,0.184998891224326,0.11140871584528596,False,31,29,phase1,normal
3130,15.771446633589541,1.3457428248422203,0.6128383948767705,0.11937642121530753,False,31,30,phase1,normal
3131,11.861299600852043,1.318359957596307,0.4609000034947476,0.11694737709626178,False,31,31,phase1,normal
3132,18.36218841167753,1.108032127176137,0.7135080461592461,0.09828988681353727,False,31,32,phase1,normal
3133,9.909491645224891,1.4133186355288143,0.3850576992075336,0.12537084919335342,False,31,33,phase1,normal
3134,18.031232490165653,1.769573676500921,0.7006479388763583,0.15697306251828722,False,31,34,phase1,normal
3135,11.850077980864597,1.1437068224443085,0.4604639598177917,0.10145447173306696,False,31,35,phase1,normal
3136,14.005654191296038,1.0653739333519145,0.5442241814084915,0.09450581869870882,False,31,36,phase1,normal
3137,8.272237090579319,1.5807287113348727,0.32143814187810493,0.14022124657700932,False,31,37,phase1,normal
3138,16.9808972305778,1.0805496342125378,0.6598345759983206,0.09585200522464304,False,31,38,phase1,normal
3139,8.611441237849755,1.2831381344403838,0.33461875428343923,0.11382296497277487,False,31,39,phase1,normal
3140,23.711459804868923,1.109674335431599,0.9213671582955892,0.09843556170833023,False,31,40,phase1,normal
3141,2489.9254904059185,3884.104890442827,96.75218617252631,344.54617396923607,True,31,41,fault,BCl3 -5
3142,130.88580843295225,108.99465637198458,5.085890382519901,9.66855759443134,True,31,42,fault,Pr +2
3143,229.18986846899247,151.34471427655214,8.90573670112264,13.42529198497216,True,31,43,fault,TCP -20
3301,3.886570593800199,4.2434636996857895,0.15102227079201486,0.3764237123723473,False,33,1,phase2,normal
3302,4.282443843112157,4.078822971219371,0.16640490070031358,0.36181897468563023,False,33,2,phase2,normal
3303,5.8175053959117,3.4032666395532742,0.22605349730090352,0.3018925937197164,False,33,3,phase2,normal
3304,4.840860672756589,4.2210100953140985,0.18810356167302492,0.37443192695555255,False,33,4,phase2,normal
3305,3.5944888043467853,3.374339637034734,0.13967271363470637,0.29932657443772287,False,33,5,phase2,normal
3307,3.86037852094976,2.2178773486338006,0.15000451330552197,0.19674060725936973,False,33,7,phase2,normal
3308,2.1085259552573925,2.5392399743912053,0.08193196806841374,0.22524762915619537,False,33,8,phase2,normal
3309,2.7641707975500127,2.279577775901512,0.10740866288879199,0.20221384929247388,False,33,9,phase2,normal
3310,4.552492547810212,4.512127502290692,0.1768983080947398,0.40025599494002834,False,33,10,phase2,normal
3311,3.995660853175455,1.9376898552145865,0.15526124144609788,0.1718860959692242,False,33,11,phase2,normal
3312,4.182556154350824,6.842168511413473,0.16252351858803024,0.6069462717294237,False,33,12,phase2,normal
3313,2.32831121219949,4.246095299289179,0.09047226543055356,0.3766571529205152,False,33,13,phase2,normal
3314,3.3997117528621192,2.0653859637913525,0.13210417167632513,0.18321359789872763,False,33,14,phase2,normal
3315,1.6559803232715713,2.224481091204152,0.06434719318010261,0.19732640354980743,False,33,15,phase2,normal
3316,4.2905422757156915,1.9001798403157393,0.16671958524086788,0.1685587058797528,False,33,16,phase2,normal
3317,2.4183142128473083,3.5635457746182366,0.09396955364593067,0.3161104287966252,False,33,17,phase2,normal
3318,110.70710272708325,86.01652908778709,4.301797083865981,7.630243474689395,True,33,18,fault,TCP -15
3319,14.05355342960143,18.61298338635817,0.5460854242608991,1.651096557073543,True,33,19,fault,Cl2 -10
3320,9.838196246155675,13.434012907999644,0.3822873409174689,1.1916871142933776,True,33,20,fault,RF -12
3321,6.1104497874615085,23.147711352795813,0.23743657298675624,2.053357364878157,True,33,21,phase2,normal
3322,4.039495073175215,2.8755396053681537,0.15696452800245697,0.25507966367346174,False,33,22,phase2,normal
3323,1.839581113908527,2.905858466603813,0.07148145400259567,0.2577691501658463,False,33,23,phase2,normal
3324,2.420963375310092,1.9376682830539125,0.09407249337677327,0.17188418237377964,False,33,24,phase2,normal
3326,3.063631223417335,3.4446067868326637,0.11904493513326617,0.3055597422592643,False,33,26,phase2,normal
3327,2.49383577374738,2.2629015040438407,0.09690412986051947,0.20073455204724,False,33,27,phase2,normal
3328,2.7399261680650455,2.472341209996967,0.10646657810968839,0.2193132597286292,False,33,28,phase2,normal
3329,3.128833483216886,2.3978191213162208,0.12157852949313883,0.2127026502689501,False,33,29,phase2,normal
3330,2.79968642344275,3.5204792570364294,0.10878870998724863,0.31229013962382207,False,33,30,phase2,normal
3331,4.79562555407954,4.849861601031156,0.18634583974895855,0.43021527637609386,False,33,31,phase2,normal
3332,0.9042429050953971,2.3977742820295145,0.035136584703469705,0.2126986727232571,False,33,32,phase2,normal
3333,2.253380202333227,2.3402497459364033,0.0875606365305682,0.2075958602660021,False,33,33,phase2,normal
3334,2.4041320508282604,2.364698114270347,0.09341847081823844,0.20976459463514285,False,33,34,phase2,normal
3335,2.7005725849144575,2.448834258384547,0.10493739773131451,0.21722803534149482,False,33,35,phase2,normal
3336,0.8262996918215292,2.5107424737928143,0.03210790922277137,0.2227197095773443,False,33,36,phase2,normal
3337,1.7037570163984461,1.961662005792126,0.0662036742378412,0.1740125866269891,False,33,37,phase2,normal
3338,0.6869104010295288,2.1411076672109424,0.026691595094043986,0.18993062123757945,False,33,38,phase2,normal
3339,33.55273842432174,30.491190353572428,1.3037742724176167,2.7047732418197676,True,33,39,fault,BCl3 +10
3340,35.72823452483861,28.258953033083255,1.3883085303887255,2.5067588086724184,True,33,40,fault,Pr +1
3341,182.21926827951467,123.92710985995018,7.0805783694061395,10.993166445729779,True,33,41,fault,TCP +20
3342,3.4200920556974292,3.05371881233998,0.13289609852786033,0.27088535527413743,False,33,42,phase2,normal
3343,1.5036040942169553,3.1563496228673316,0.05842623958588229,0.2799893970278937,False,33,43,phase2,normal
