wafer,t2,q,t2_ratio,q_ratio,alarm,experiment,run_order,role,fault
2901,15.490938904520934,37.42642265030483,0.7843963272014162,0.30676112718090615,False,29,1,phase1,normal
2902,9.685862136937436,30.424825035345958,0.4904515299441073,0.249373382792399,False,29,2,phase1,normal
2903,9.802809979767817,38.920696823286654,0.49637327935876074,0.319008763934869,False,29,3,phase1,normal
2904,6.7684887751754905,31.723410688610077,0.3427279501052203,0.2600170823641776,False,29,4,phase1,normal
2905,5.9598825523717895,33.145075986666285,0.3017835144432653,0.2716695892943891,False,29,5,phase1,normal
2906,6.060936049386777,33.525550920381285,0.3069004406927312,0.27478810587346547,False,29,6,phase1,normal
2907,7.8374064180279275,32.79192474735948,0.39685346685421147,0.2687750280576045,False,29,7,phase1,normal
2908,5.717418970592432,35.368225713686286,0.28950617320526434,0.2898913659927566,False,29,8,phase1,normal
2909,8.11444717823762,30.573666028260273,0.41088165172621754,0.2505933399115641,False,29,9,phase1,normal
2910,20.85299303182311,33.21264677008634,1.0559083116998855,0.27222342501307656,True,29,10,phase1,normal
2911,6.244195833840494,47.665964063562974,0.3161799493613288,0.39068828460911026,False,29,11,phase1,normal
2912,3.3704116460377245,40.499664047709594,0.1706635429010253,0.33195057699756475,False,29,12,phase1,normal
2913,3.456080571510203,31.061054774851943,0.17500145882142784,0.2545881625713924,False,29,13,phase1,normal
2914,2.2404586791339014,31.43807840590848,0.11344745273291859,0.25767839096744777,False,29,14,phase1,normal
2915,114.80573886487363,1504.6833541688247,5.813282233071766,12.332954343190902,True,29,15,fault,TCP +50
2916,4.172338713036402,181.0813950452879,0.2112697740606866,1.4842116590892247,True,29,16,fault,RF -12
2917,6.129085593130095,130.7669269696033,0.31035124842893047,1.0718152330503867,True,29,17,fault,RF +10
2918,639.1995801779742,12004.020259000032,32.366392129657406,98.3894939615152,True,29,18,fault,Pr +3
2919,10.043092263850472,41.49726736926699,0.5085401688086311,0.3401273114469063,False,29,19,phase1,normal
2920,8.77517976827396,34.00721297824067,0.4443383853742683,0.2787359904247029,False,29,20,phase1,normal
2921,3.26032059372277,40.19116464508411,0.16508899266712135,0.3294219991164175,False,29,21,phase1,normal
2922,10.1148006201507,43.41302970084389,0.5121711799215297,0.3558296246959249,False,29,22,phase1,normal
2923,5.342764144568018,39.958143707567146,0.2705352204881202,0.3275120713063955,False,29,23,phase1,normal
2924,18.209376300572195,22.786396873054592,0.922046622146888,0.18676593417652676,False,29,24,phase1,normal
2925,10.081357286505265,27.67197551981015,0.5104777494430714,0.22680998611846395,False,29,25,phase1,normal
2926,6.797639022730484,31.40243601960077,0.3442039966676708,0.25738625247744756,False,29,26,phase1,normal
2927,6.836049790321597,43.19607266192869,0.3461489572158441,0.3540513626795599,False,29,27,phase1,normal
2928,8.80190288083327,32.2898552513269,0.4456915319764278,0.2646598764182092,False,29,28,phase1,normal
2929,7.010995398555242,27.00050567167341,0.3550074707897657,0.22130636506958604,False,29,29,phase1,normal
2930,5.6489727577036986,46.89103573766321,0.28604034338489753,0.38433667871403043,False,29,30,phase1,normal
2931,11.696104423659476,27.972513373600606,0.5922417878625319,0.22927330813164973,False,29,31,phase1,normal
2932,12.040878310965105,36.99105115674755,0.6096996948741311,0.30319265761719866,False,29,32,phase1,normal
2933,3.757084014948555,48.18094922721712,0.1902430137047872,0.3949092979493394,False,29,33,phase1,normal
2934,3.8784087761547004,39.86637998379252,0.1963863919515967,0.32675994109073375,False,29,34,phase1,normal
2935,3.369792194464586,33.02271425009857,0.17063217646534032,0.2706666661835152,False,29,35,phase1,normal
2936,12.012289265147192,101.1220795019308,0.6082520652194031,0.8288348416499498,False,29,36,fault,TCP +10
2937,16.79624679741739,130.52318878930024,0.8504916570820463,1.069817462661659,True,29,37,fault,BCl3 +5
2938,680.1691964385635,9483.938031853928,34.44092206743147,77.73394609334055,True,29,38,fault,Pr -2
2939,24.987628973852154,314.7598272705607,1.2652689751969213,2.579890691316128,True,29,39,fault,Cl2 -5
2940,9.110325498231369,170.8037886976857,0.46130876278496913,1.3999725070503,True,29,40,fault,He Chuck
2941,8.54122073784085,33.62180608073984,0.43249167903074404,0.27557704960352636,False,29,41,phase1,normal
2942,10.653729852155326,30.525996032428466,0.5394603011821226,0.2502026185810563,False,29,42,phase1,normal
2943,12.176471709927734,39.30754519071777,0.6165655772324949,0.3221795195892381,False,29,43,phase1,normal
3101,33.521744546833666,27.337362560562692,1.697400878409416,0.22406737164239798,True,31,1,phase1,normal
3102,7.490282342429129,35.361100447330315,0.37927655614136757,0.2898329646125541,False,31,2,phase1,normal
3103,10.202651124461159,32.890885577190595,0.5166195618658808,0.26958614847884793,False,31,3,phase1,normal
3104,4.9639659288117794,63.62948900993901,0.2513544638521923,0.5215313777918604,False,31,4,phase1,normal
3105,5.6291078376473385,53.77365974842884,0.28503446695426937,0.4407492704071251,False,31,5,phase1,normal
3106,17.5109009498814,30.164913998543728,0.8866787530267868,0.24724305354984286,False,31,6,phase1,normal
3107,8.750215550678693,28.469419575468947,0.4430743018533224,0.2333461394575973,False,31,7,phase1,normal
3108,6.9929069370420525,50.2783725179246,0.3540915467865067,0.4121005731840744,False,31,8,phase1,normal
3109,3.53673089802946,42.552172823695535,0.17908525389022367,0.34877371586801253,False,31,9,phase1,normal
3110,9.716123230503275,46.07627571007424,0.49198382510042055,0.37765859711428923,False,31,10,phase1,normal
3111,7.734757501714296,47.151208170751346,0.3916557552471946,0.38646915045949304,False,31,11,phase1,normal
3112,4.685848243793046,34.31125710735946,0.23727174801404594,0.2812280511977208,False,31,12,phase1,normal
3113,4.69135108008417,48.717148360496786,0.2375503886182438,0.39930418901480846,False,31,13,phase1,normal
3114,9.471031727658817,37.164598372796355,0.47957341693572486,0.30461511629329674,False,31,14,phase1,normal
3115,9.733089780205306,40.64197551921239,0.4928429401839917,0.33311701568760116,False,31,15,phase1,normal
3116,18.67883288482816,22.380153031661557,0.9458179392207313,0.18343620587573728,False,31,16,phase1,normal
3117,6.411547942963078,46.69338769528902,0.3246539599138367,0.38271668054240954,False,31,17,phase1,normal
3118,3.798607549586836,38.4678938223496,0.1923455917514402,0.3152974191382747,False,31,18,phase1,normal
3119,10.117397380708509,38.90176379087626,0.5123026690105205,0.3188535816344543,False,31,19,phase1,normal
3120,84.53363045108205,944.418838906537,4.280429330947721,7.740814297449085,True,31,20,fault,TCP +30
3121,16.08379377615533,159.73614602119216,0.8144160172111528,1.3092579182048976,True,31,21,fault,Cl2 +5
3123,5.69719703044183,41.36912611192706,0.28848221877094726,0.3390770171960435,False,31,23,phase1,normal
3124,4.943396018365274,37.026792822636295,0.250312889658107,0.30348560984022566,False,31,24,phase1,normal
3126,3.2346003256575613,41.62214607050962,0.16378662591392876,0.3411508645530102,False,31,26,phase1,normal
3127,6.2837623490391,38.3397257622299,0.31818343213233685,0.3142469052016832,False,31,27,phase1,normal
3128,8.107404880638713,46.63690355035089,0.41052505924298016,0.3822537151093793,False,31,28,phase1,normal
3129,3.313678463297248,37.790382212334315,0.16779081191639217,0.30974427752203354,False,31,29,phase1,normal
3130,12.066302531769333,54.83289808818786,0.6109870710327817,0.4494311887965403,False,31,30,phase1,normal
3131,12.253157736343946,36.82648304058574,0.6204486367319415,0.30184379504266073,False,31,31,phase1,normal
3132,11.562084148254996,48.841553906361284,0.5854555618987127,0.4003238639603282,False,31,32,phase1,normal
3133,16.22199951846605,27.73920267512986,0.8214141777058039,0.2273610053311664,False,31,33,phase1,normal
3134,8.321651355859013,27.063397556745908,0.4213736042740116,0.22182185076629915,False,31,34,phase1,normal
3135,7.493866660814428,30.491065409946554,0.3794580510264922,0.24991631397679845,False,31,35,phase1,normal
3136,12.289597707475977,32.34710131023866,0.6222938043938545,0.265129086786577,False,31,36,phase1,normal
3137,6.797275131638457,32.47034245428964,0.3441855707454045,0.2661392178540685,False,31,37,phase1,normal
3138,7.97998230174311,41.61431483624519,0.40407291302354903,0.3410866767925977,False,31,38,phase1,normal
3139,11.297964706173714,33.27372114679406,0.5720816585099012,0.27272401372324495,False,31,39,phase1,normal
3140,20.86051412089364,40.78161722970889,1.0562891481798329,0.33426157200583717,True,31,40,phase1,normal
3141,18887.0312390373,257121.34167920932,956.3602327109837,2107.463845335983,True,31,41,fault,BCl3 -5
3142,287.06522216916994,5089.693355569005,14.535781680156271,41.71705335954143,True,31,42,fault,Pr +2
3143,49.62662214009042,479.4560435441154,2.512884491897313,3.9298032228600546,True,31,43,fault,TCP -20
3301,8.613048079095538,104.76710941474404,0.4361287150438663,0.8587108865797637,False,33,1,phase2,normal
3302,5.804430305300912,60.580780453375716,0.2939120631123187,0.4965430084252303,False,33,2,phase2,normal
3303,2.2492696162431485,50.04174918133036,0.11389360172041987,0.4101611187475878,False,33,3,phase2,normal
3304,2.271536664404588,83.19620645783009,0.1150211118670355,0.6819076006445803,False,33,4,phase2,normal
3305,2.751166164676909,42.15580138172026,0.13930754284129115,0.34552490548988074,False,33,5,phase2,normal
3306,4.5812954091635945,58.32823746352841,0.23197762995010437,0.4780803134184079,False,33,6,phase2,normal
3307,4.476553487350015,57.75704818136535,0.2266739373023584,0.4733986298477617,False,33,7,phase2,normal
3308,4.504781959286898,64.94384643864136,0.22810330900450473,0.5323043488052694,False,33,8,phase2,normal
3309,2.2055683772766814,51.711523550468705,0.11168075383878216,0.42384722154187915,False,33,9,phase2,normal
3310,9.53886679330725,193.9415068421529,0.4830083008170737,1.589618003354047,True,33,10,phase2,normal
3311,1.7791048335689663,56.91755825755338,0.09008642444200134,0.466517852657493,False,33,11,phase2,normal
3312,4.772691653015452,64.28060772648267,0.24166913487713818,0.526868193262625,False,33,12,phase2,normal
3313,7.370771768380645,192.42253130195184,0.3732250407410967,1.5771679048440708,True,33,13,phase2,normal
3314,3.108956811866107,60.76931614378049,0.157424564107208,0.49808831831078326,False,33,14,phase2,normal
3315,4.071020680782418,84.56848439778447,0.2061394528536159,0.6931553100930405,False,33,15,phase2,normal
3316,2.6838176913175023,64.45101113088633,0.13589729795740466,0.5282648840684427,False,33,16,phase2,normal
3317,7.834718631596118,179.39453147693277,0.396717368595842,1.4703854867493253,True,33,17,phase2,normal
3318,14.418334798974508,506.703743422817,0.730084143406912,4.153135685221628,True,33,18,fault,TCP -15
3319,56.64188139592233,1010.9773199964326,2.86810786657826,8.286352803048661,True,33,19,fault,Cl2 -10
3320,10.918538932405662,451.3202248763614,0.5528691249621537,3.699191402721068,True,33,20,fault,RF -12
3321,5.189302282338597,170.66961305973868,0.2627645539171535,1.3988727527317688,True,33,21,phase2,normal
3322,6.83846368867106,95.14611931384486,0.34627118692775677,0.7798536098497865,False,33,22,phase2,normal
3323,4.618848307308547,142.10184447180276,0.23387915157911768,1.1647205075396376,True,33,23,phase2,normal
3324,2.690136379919225,62.45081817308201,0.13621724990883052,0.5118705454470793,False,33,24,phase2,normal
3325,7.026765430366351,99.99554854757451,0.3558059992139449,0.8196013675188147,False,33,25,phase2,normal
3326,11.946544637593952,101.70363031277758,0.6049230323761494,0.8336014522318691,False,33,26,phase2,normal
3327,2.8310768834072575,90.3498133674928,0.14335388726640652,0.7405412707530266,False,33,27,phase2,normal
3328,4.313063233172985,60.07234251772386,0.21839547492508687,0.49237565864405036,False,33,28,phase2,normal
3329,3.50171730148809,61.03454730163755,0.1773123118691853,0.5002622532793466,False,33,29,phase2,normal
3330,6.174728460203131,68.94154871078696,0.31266241223350677,0.5650710298903255,False,33,30,phase2,normal
3331,23.17472394576158,211.10158651909953,1.1734710503349097,1.7302685120441004,True,33,31,phase2,normal
3332,3.875256160280674,76.1344072278145,0.19622675667526485,0.6240264210307657,False,33,32,phase2,normal
3333,3.5877407975148192,65.35834990476577,0.1816681817588212,0.5357017761168985,False,33,33,phase2,normal
3334,5.32498577394637,73.11335090231987,0.2696349981900917,0.5992646998172584,False,33,34,phase2,normal
3335,3.4561556205050703,80.65990087674813,0.1750052589884995,0.6611190800264712,False,33,35,phase2,normal
3336,3.905584677103256,92.31881819485882,0.19776246586317967,0.7566799796515786,False,33,36,phase2,normal
3337,3.494471880254858,49.08990405744496,0.1769454340550384,0.40235943580735745,False,33,37,phase2,normal
3338,2.1851751905767314,76.40155400972667,0.11064812819575512,0.6262160571792117,False,33,38,phase2,normal
3339,156.81831024103153,1627.9675036972849,7.940623053848487,13.343437899854894,True,33,39,fault,BCl3 +10
3340,89.47830624457698,1132.597265943083,4.5308070230634145,9.283195917200032,True,33,40,fault,Pr +1
3341,22.26914402462798,398.3988007635399,1.1276162723577505,3.2654273781827596,True,33,41,fault,TCP +20
3342,9.212239678186332,108.20447280316203,0.46646927041714936,0.8868848180669852,False,33,42,phase2,normal
3343,3.141307143912388,120.04771235846381,0.15906264955814498,0.9839564925201746,False,33,43,phase2,normal
