block,representation,classifier,target,leave_one_out_by,n,accuracy,accuracy_detected_only,majority_baseline
machine,abs,centroid,family,experiment,20,0.65,0.631578947368421,0.3
machine,abs,centroid,family,wafer,20,0.55,0.5263157894736842,0.3
machine,abs,centroid,mechanism,experiment,20,0.65,0.631578947368421,0.45
machine,abs,centroid,mechanism,wafer,20,0.55,0.5263157894736842,0.45
machine,abs,lda,family,experiment,20,0.6,0.5789473684210527,0.3
machine,abs,lda,family,wafer,20,0.5,0.5263157894736842,0.3
machine,abs,lda,mechanism,experiment,20,0.8,0.7894736842105263,0.45
machine,abs,lda,mechanism,wafer,20,0.85,0.8421052631578947,0.45
machine,signed,centroid,family,experiment,20,0.45,0.47368421052631576,0.3
machine,signed,centroid,family,wafer,20,0.35,0.3157894736842105,0.3
machine,signed,centroid,mechanism,experiment,20,0.55,0.5263157894736842,0.45
machine,signed,centroid,mechanism,wafer,20,0.45,0.42105263157894735,0.45
machine,signed,lda,family,experiment,20,0.3,0.3157894736842105,0.3
machine,signed,lda,family,wafer,20,0.2,0.21052631578947367,0.3
machine,signed,lda,mechanism,experiment,20,0.45,0.42105263157894735,0.45
machine,signed,lda,mechanism,wafer,20,0.35,0.3157894736842105,0.45
oes,abs,centroid,family,experiment,19,0.47368421052631576,0.8333333333333334,0.3157894736842105
oes,abs,centroid,family,wafer,19,0.47368421052631576,1.0,0.3157894736842105
oes,abs,centroid,mechanism,experiment,19,0.631578947368421,1.0,0.42105263157894735
oes,abs,centroid,mechanism,wafer,19,0.631578947368421,1.0,0.42105263157894735
oes,abs,lda,family,experiment,19,0.42105263157894735,0.8333333333333334,0.3157894736842105
oes,abs,lda,family,wafer,19,0.5789473684210527,1.0,0.3157894736842105
oes,abs,lda,mechanism,experiment,19,0.631578947368421,0.8333333333333334,0.42105263157894735
oes,abs,lda,mechanism,wafer,19,0.5789473684210527,1.0,0.42105263157894735
oes,signed,centroid,family,experiment,19,0.3684210526315789,0.6666666666666666,0.3157894736842105
oes,signed,centroid,family,wafer,19,0.3684210526315789,0.6666666666666666,0.3157894736842105
oes,signed,centroid,mechanism,experiment,19,0.3684210526315789,0.6666666666666666,0.42105263157894735
oes,signed,centroid,mechanism,wafer,19,0.47368421052631576,0.6666666666666666,0.42105263157894735
oes,signed,lda,family,experiment,19,0.3684210526315789,0.6666666666666666,0.3157894736842105
oes,signed,lda,family,wafer,19,0.3157894736842105,0.5,0.3157894736842105
oes,signed,lda,mechanism,experiment,19,0.47368421052631576,0.6666666666666666,0.42105263157894735
oes,signed,lda,mechanism,wafer,19,0.3157894736842105,0.5,0.42105263157894735
rfm,abs,centroid,family,experiment,19,0.2631578947368421,0.25,0.3157894736842105
rfm,abs,centroid,family,wafer,19,0.15789473684210525,0.25,0.3157894736842105
rfm,abs,centroid,mechanism,experiment,19,0.3684210526315789,0.4166666666666667,0.42105263157894735
rfm,abs,centroid,mechanism,wafer,19,0.3684210526315789,0.4166666666666667,0.42105263157894735
rfm,abs,lda,family,experiment,19,0.15789473684210525,0.25,0.3157894736842105
rfm,abs,lda,family,wafer,19,0.15789473684210525,0.25,0.3157894736842105
rfm,abs,lda,mechanism,experiment,19,0.3157894736842105,0.4166666666666667,0.42105263157894735
rfm,abs,lda,mechanism,wafer,19,0.3157894736842105,0.3333333333333333,0.42105263157894735
rfm,signed,centroid,family,experiment,19,0.3157894736842105,0.4166666666666667,0.3157894736842105
rfm,signed,centroid,family,wafer,19,0.15789473684210525,0.16666666666666666,0.3157894736842105
rfm,signed,centroid,mechanism,experiment,19,0.42105263157894735,0.4166666666666667,0.42105263157894735
rfm,signed,centroid,mechanism,wafer,19,0.3684210526315789,0.3333333333333333,0.42105263157894735
rfm,signed,lda,family,experiment,19,0.2631578947368421,0.3333333333333333,0.3157894736842105
rfm,signed,lda,family,wafer,19,0.10526315789473684,0.08333333333333333,0.3157894736842105
rfm,signed,lda,mechanism,experiment,19,0.42105263157894735,0.4166666666666667,0.42105263157894735
rfm,signed,lda,mechanism,wafer,19,0.42105263157894735,0.5,0.42105263157894735
fused,abs,centroid,family,experiment,19,0.15789473684210525,0.1875,0.3157894736842105
fused,abs,centroid,family,wafer,19,0.3157894736842105,0.375,0.3157894736842105
fused,abs,centroid,mechanism,experiment,19,0.3684210526315789,0.4375,0.42105263157894735
fused,abs,centroid,mechanism,wafer,19,0.42105263157894735,0.5,0.42105263157894735
fused,abs,lda,family,experiment,19,0.42105263157894735,0.5,0.3157894736842105
fused,abs,lda,family,wafer,19,0.42105263157894735,0.5,0.3157894736842105
fused,abs,lda,mechanism,experiment,19,0.631578947368421,0.6875,0.42105263157894735
fused,abs,lda,mechanism,wafer,19,0.631578947368421,0.6875,0.42105263157894735
fused,signed,centroid,family,experiment,19,0.3684210526315789,0.375,0.3157894736842105
fused,signed,centroid,family,wafer,19,0.2631578947368421,0.25,0.3157894736842105
fused,signed,centroid,mechanism,experiment,19,0.47368421052631576,0.5,0.42105263157894735
fused,signed,centroid,mechanism,wafer,19,0.3684210526315789,0.375,0.42105263157894735
fused,signed,lda,family,experiment,19,0.42105263157894735,0.4375,0.3157894736842105
fused,signed,lda,family,wafer,19,0.21052631578947367,0.1875,0.3157894736842105
fused,signed,lda,mechanism,experiment,19,0.5789473684210527,0.625,0.42105263157894735
fused,signed,lda,mechanism,wafer,19,0.3684210526315789,0.375,0.42105263157894735
