wafer,fault,alarm,t2_ratio,q_ratio,top1,top1_share,top2,top2_share,top3,top3_share,top4,top4_share,top5,top5_share,reading_top1
2915,TCP +50,True,7.076642799411495,3.8453640988470497,machine:Endpt A_plateau (+14.3 sd),0.026,machine:Endpt A_mean_s4 (+14.0 sd),0.022,oes:272.2nm_pos3 (+20.5 sd),0.021,oes:278.3nm_pos3 (+14.2 sd),0.019,oes:261.8nm_pos2 (+10.9 sd),0.019,etch-product emission level: etch rate / plasma density changed
2917,RF +10,True,36.53774279405605,74.89654818457015,rfm:S3V4_std_s5 (+2.3 sd),0.009,rfm:S34V4_std_s5 (+15.3 sd),0.009,machine:RF Impedance_mean_s5 (-1.0 sd),0.009,rfm:S4V4_std_s4 (+2.3 sd),0.009,rfm:S34I5_std_s5 (-1.8 sd),0.009,TCP coil feed electrical response
2918,Pr +3,True,5.379265131259575,16.730508289396745,machine:Vat Valve_mean_s5 (-67.2 sd),0.023,machine:Pressure_std_s4 (+54.8 sd),0.013,machine:Endpt A_mean_s4 (-0.4 sd),0.011,machine:RF Btm Rfl Pwr_mean_s4 (+3.8 sd),0.011,rfm:S2I5_mean_s5 (+1.0 sd),0.01,throttle valve moved: pressure loop compensating (flow or pressure fault)
2936,TCP +10,False,0.5184809019657002,0.3186482154217511,rfm:S34I5_mean_s4 (-2.2 sd),0.014,rfm:S3I5_mean_s4 (-2.1 sd),0.013,rfm:S1V4_mean_s4 (-1.8 sd),0.01,machine:Endpt A_plateau (+3.1 sd),0.01,oes:261.8nm_pos3 (+2.0 sd),0.01,TCP coil feed electrical response
2937,BCl3 +5,True,2.0403405824003085,2.6550761858741954,rfm:S34V1_mean_s4 (+10.7 sd),0.009,rfm:S3V1_mean_s4 (+10.8 sd),0.009,rfm:S34I3_mean_s4 (+12.1 sd),0.009,rfm:S1V4_mean_s4 (+11.6 sd),0.009,rfm:S34PI2_sin_s4 (-12.0 sd),0.009,TCP coil feed electrical response
2938,Pr -2,True,5.518585752764359,13.312028235852672,machine:Vat Valve_mean_s5 (+81.8 sd),0.038,machine:Pressure_std_s4 (+46.7 sd),0.022,oes:748.5nm_pos3 (+3.3 sd),0.014,machine:Pressure_std_s5 (+33.2 sd),0.013,rfm:S34V5_mean_s4 (+1.7 sd),0.013,throttle valve moved: pressure loop compensating (flow or pressure fault)
2939,Cl2 -5,True,0.9646981795883515,1.705697206677696,rfm:S34V4_std_s5 (-9.6 sd),0.01,machine:RF Impedance_mean_s5 (-0.7 sd),0.009,rfm:S3V4_std_s5 (-5.6 sd),0.009,rfm:S4I1_mean_s5 (+6.6 sd),0.008,rfm:S34I4_mean_s5 (+6.9 sd),0.008,TCP coil feed electrical response
2940,He Chuck,False,0.1359200417355874,0.35277387074888367,machine:He Press_std_s4 (+9.6 sd),0.016,rfm:S34PV2_sin_s4 (-0.1 sd),0.011,rfm:S34PV2_cos_s4 (+0.1 sd),0.011,rfm:S1V5_mean_s4 (-0.1 sd),0.009,rfm:S34I2_mean_s5 (+0.8 sd),0.009,backside helium: chuck cooling / regulation
3120,TCP +30,True,12.17602765757968,28.54330378733671,rfm:S34I5_std_s5 (-7.8 sd),0.012,rfm:S3I5_std_s5 (-8.4 sd),0.012,rfm:S34PV4_sin_s4 (-35.6 sd),0.01,rfm:S34PV4_cos_s4 (+31.4 sd),0.01,machine:RF Impedance_mean_s5 (-1.9 sd),0.01,TCP coil feed electrical response
3121,Cl2 +5,False,0.20672541994813282,0.42269277211307094,machine:Pressure_std_s4 (+6.9 sd),0.017,oes:725nm_pos3 (+0.5 sd),0.013,machine:TCP Rfl Pwr_mean_s5 (-0.2 sd),0.012,machine:Endpt A_std_s4 (+0.7 sd),0.012,machine:TCP Rfl Pwr_std_s5 (+0.0 sd),0.012,chamber pressure shift
3141,BCl3 -5,True,96.75218617252631,344.54617396923607,machine:BCl3 Flow_mean_s5 (+406.0 sd),0.038,machine:BCl3 Flow_mean_s4 (-391.8 sd),0.034,machine:TCP Rfl Pwr_std_s4 (-0.7 sd),0.015,rfm:S34V5_std_s4 (-0.1 sd),0.014,oes:532.6nm_pos1 (-0.1 sd),0.014,BCl3 supply
3142,Pr +2,True,5.085890382519901,9.66855759443134,machine:Vat Valve_mean_s5 (-60.7 sd),0.025,rfm:S2I5_mean_s5 (+1.5 sd),0.014,rfm:S2I5_mean_s4 (+1.3 sd),0.012,machine:Vat Valve_std_s5 (-1.9 sd),0.011,rfm:S2P5_sin_s5 (-0.8 sd),0.01,throttle valve moved: pressure loop compensating (flow or pressure fault)
3143,TCP -20,True,8.90573670112264,13.42529198497216,rfm:S34I5_std_s5 (+11.8 sd),0.012,rfm:S3I5_std_s5 (+11.6 sd),0.012,rfm:S34PV4_sin_s4 (+24.4 sd),0.011,rfm:S34PV4_cos_s4 (-25.8 sd),0.011,rfm:S3I4_std_s5 (+10.6 sd),0.01,TCP coil feed electrical response
3318,TCP -15,True,4.301797083865981,7.630243474689395,rfm:S3V4_std_s5 (+6.0 sd),0.01,rfm:S34V1_mean_s4 (-16.7 sd),0.01,rfm:S3V1_mean_s4 (-16.7 sd),0.009,machine:RF Impedance_mean_s5 (+0.2 sd),0.009,rfm:S34PI2_cos_s4 (-20.2 sd),0.009,TCP coil feed electrical response
3319,Cl2 -10,True,0.5460854242608991,1.651096557073543,machine:Vat Valve_mean_s5 (-25.8 sd),0.035,machine:Pressure_std_s5 (-10.7 sd),0.018,machine:Endpt A_std_s4 (-0.4 sd),0.016,machine:Pressure_std_s4 (-12.1 sd),0.016,oes:740.8nm_pos3 (-2.5 sd),0.014,throttle valve moved: pressure loop compensating (flow or pressure fault)
3320,RF -12,True,0.3822873409174689,1.1916871142933776,rfm:S34V3_std_s4 (-0.7 sd),0.009,machine:Endpt A_std_s4 (-0.3 sd),0.009,machine:Vat Valve_mean_s5 (-11.0 sd),0.008,machine:TCP Phase Err_mean_s4 (-0.5 sd),0.008,rfm:S1I2_std_s5 (+1.6 sd),0.008,TCP coil feed electrical response
3339,BCl3 +10,True,1.3037742724176167,2.7047732418197676,machine:Vat Valve_mean_s5 (+33.9 sd),0.02,machine:Pressure_std_s5 (+17.3 sd),0.018,machine:Pressure_std_s4 (+20.3 sd),0.015,rfm:S2I2_std_s5 (-3.2 sd),0.012,rfm:S2I4_std_s4 (+4.9 sd),0.012,throttle valve moved: pressure loop compensating (flow or pressure fault)
3340,Pr +1,True,1.3883085303887255,2.5067588086724184,machine:Vat Valve_mean_s5 (-29.2 sd),0.017,rfm:S1P2_sin_s5 (-2.2 sd),0.01,rfm:S1P2_cos_s5 (+2.8 sd),0.009,machine:Vat Valve_std_s5 (-1.5 sd),0.009,machine:RF Load_mean_s4 (+13.9 sd),0.008,throttle valve moved: pressure loop compensating (flow or pressure fault)
3341,TCP +20,True,7.0805783694061395,10.993166445729779,rfm:S34V1_mean_s4 (+22.6 sd),0.011,rfm:S3V1_mean_s4 (+22.7 sd),0.011,rfm:S4V4_std_s4 (+1.6 sd),0.009,rfm:S34PI2_cos_s4 (+27.1 sd),0.009,rfm:S1V4_mean_s4 (+23.6 sd),0.009,TCP coil feed electrical response
