,t2,q,t2_ratio,q_ratio,alarm,clear_time_z,worst_ratio,fault,role
2901,25.41981034928379,1.1106676581911665,0.9877493253757046,0.0985236761043054,False,9.772813221736488,0.9877493253757046,normal,phase1
2903,10.477787828248779,1.1349873864569118,0.40714024678292293,0.1006809992359623,False,4.994865398847137,0.40714024678292293,normal,phase1
2904,9.096357440596451,1.2266502506521526,0.3534613674086112,0.10881211053299301,False,4.025275064345955,0.3534613674086112,normal,phase1
2905,8.57355349583654,1.408936697857148,0.3331465327719748,0.12498214191022644,False,4.511501567652165,0.3331465327719748,normal,phase1
2906,4.328208448690396,1.1375390184523533,0.16818319714174493,0.10090734612056114,False,4.813760257465445,0.16818319714174493,normal,phase1
2907,10.260491139126051,1.0064581443767586,0.39869664885130435,0.08927959277270027,False,2.1981992675615354,0.39869664885130435,normal,phase1
2908,5.661350314630348,1.1358749380136022,0.21998570709829135,0.10075973101630391,False,2.346449488218332,0.21998570709829135,normal,phase1
2909,7.234838212181082,1.0671294455410796,0.28112745394599603,0.09466154441291943,False,1.3953020010544603,0.28112745394599603,normal,phase1
2910,43.963928806146285,0.8036943292254543,1.7083267114288292,0.07129308141414054,True,0.6023089219667193,1.7083267114288292,normal,phase1
2911,9.350153619223267,1.7872181390615025,0.3633232428819911,0.1585382447773839,False,0.5743073821200904,0.3633232428819911,normal,phase1
2912,2.483882351482567,1.247778388581884,0.09651736512891218,0.11068631817982959,False,0.551800856555939,0.11068631817982959,normal,phase1
2913,3.724111846225912,1.1653177726440318,0.14470953611331552,0.10337150806889707,False,0.560520489998199,0.14470953611331552,normal,phase1
2914,3.2693155925975543,1.0492050804436373,0.12703730777910746,0.09307153292009196,False,-0.2676801656299519,0.12703730777910746,normal,phase1
2915,182.11798606113183,43.34918983369321,7.076642799411495,3.8453640988470497,True,0.5364674634084292,7.076642799411495,TCP +50,fault
2917,940.3018241116383,844.316585291556,36.53774279405605,74.89654818457015,True,-1.042740413676083,74.89654818457015,RF +10,fault
2918,138.43583178669607,188.6047617880162,5.379265131259575,16.730508289396745,True,-7.780384722364945,16.730508289396745,Pr +3,fault
2920,5.853065488584192,1.240264638959233,0.2274352722655834,0.110019798155868,False,-1.1416177664835057,0.2274352722655834,normal,phase1
2921,6.979160284474014,1.2884854606681397,0.2711924584784461,0.11429730870053363,False,0.5197191863438818,0.2711924584784461,normal,phase1
2922,8.623201604109418,1.6366712616684658,0.3350757322734218,0.1451837262790761,False,-2.8383268172370113,0.3350757322734218,normal,phase1
2923,6.332989581810713,1.1399449176738377,0.24608390468267774,0.1011207655299488,False,-1.0443856275331076,0.24608390468267774,normal,phase1
2924,21.67711782149792,1.4788292238539644,0.8423177911269314,0.13118207808612692,False,-2.75145952558591,0.8423177911269314,normal,phase1
2925,1.9139486461037487,1.1900798844324687,0.07437118759015393,0.10556807358830346,False,-2.4076098294669457,0.10556807358830346,normal,phase1
2926,4.324764426803465,1.1940117166479365,0.16804937119069915,0.10591685349634913,False,-3.4584079199510676,0.16804937119069915,normal,phase1
2927,5.046393675671231,1.2846229921325196,0.19609005260988985,0.1139546818164608,False,-2.7692278352418116,0.19609005260988985,normal,phase1
2928,3.621580825998066,1.2444530368523847,0.14072544084790806,0.11039133716159803,False,-0.8781038630032478,0.14072544084790806,normal,phase1
2929,4.7399041010920655,1.1545337320855509,0.18418064548349924,0.10241489128867154,False,-2.521787671144727,0.18418064548349924,normal,phase1
2930,1.7695855548453763,1.5104825584889725,0.06876160419671896,0.13398994132604486,False,-1.1898225324944514,0.13398994132604486,normal,phase1
2931,8.204476256344417,1.1901504500901914,0.31880512780826137,0.10557433323578153,False,-1.0927549149297617,0.31880512780826137,normal,phase1
2932,4.210256727460908,1.4216038349542208,0.1635998925666731,0.12610580199280536,False,-2.853627306107382,0.1635998925666731,normal,phase1
2933,3.6245139436346347,1.3742464424638745,0.140839414356245,0.12190488341517963,False,-2.8178439047169928,0.140839414356245,normal,phase1
2934,4.168456598572248,1.3802997865439626,0.16197564562922281,0.1224418556652457,False,-1.0758092122023784,0.16197564562922281,normal,phase1
2935,5.913731493339886,1.0178712470362659,0.229792599265561,0.0902920115835638,False,-1.182748112909216,0.229792599265561,normal,phase1
2936,13.343148771760099,3.5921545074565584,0.5184809019657002,0.3186482154217511,False,-4.571806397695098,0.5184809019657002,TCP +10,fault
2937,52.50833315713524,29.930950267853053,2.0403405824003085,2.6550761858741954,True,-1.043563020604613,2.6550761858741954,BCl3 +5,fault
2938,142.0212594710419,150.06788024064676,5.518585752764359,13.312028235852672,True,2.263678779071258,13.312028235852672,Pr -2,fault
2939,24.826587211393687,19.228502193912195,0.9646981795883515,1.705697206677696,True,0.7020088817026602,1.705697206677696,Cl2 -5,fault
2940,3.4979134835361054,3.976856572839287,0.1359200417355874,0.35277387074888367,False,-3.7846538277998145,0.35277387074888367,He Chuck,fault
2941,6.139569772533454,1.8729579684824709,0.23856810171236592,0.16614394313441297,False,-4.38071480820124,0.23856810171236592,normal,phase1
2942,10.205647084671451,1.1388304818520987,0.39656554806636374,0.10102190759244581,False,-4.547704014689637,0.39656554806636374,normal,phase1
2943,17.004036430564724,1.7791980392892839,0.6607337065922458,0.15782680809652372,False,-2.773834434041492,0.6607337065922458,normal,phase1
3101,46.07976180915869,0.5581582198980447,1.790542612830786,0.049512380473696584,True,3.993831977632255,1.790542612830786,normal,phase1
3102,12.227000609190016,1.3578543028999492,0.4751102166832667,0.12045079061150246,False,2.4020474246511863,0.4751102166832667,normal,phase1
3103,9.575498983083596,1.2568148974917979,0.3720795918897583,0.11148791717336107,False,2.9184101543000827,0.3720795918897583,normal,phase1
3104,8.088520008245329,1.4436162242481316,0.3142993622553646,0.12805844867075686,False,1.6911128998665745,0.3142993622553646,normal,phase1
3105,9.207292295866852,1.4208325187191466,0.35777201437837025,0.12603738106566484,False,2.2209598967627966,0.35777201437837025,normal,phase1
3106,14.584427565655057,0.9643595528861277,0.5667138460524548,0.08554516514092306,False,1.7670964024028006,0.5667138460524548,normal,phase1
3107,8.15735947228476,1.2441028727549486,0.31697428914230297,0.11036027525584727,False,-0.6519445121771631,0.31697428914230297,normal,phase1
3108,6.2278917290942255,1.4818230628222406,0.24200006882030395,0.13144765169731792,False,1.6865914350425641,0.24200006882030395,normal,phase1
3109,5.493478669355365,1.4637240308169643,0.2134626409506029,0.12984214607739794,False,-0.6116748583774424,0.2134626409506029,normal,phase1
3110,8.161786518271889,1.5712072854975765,0.31714631291538026,0.13937663219724722,False,-0.6206376608007493,0.31714631291538026,normal,phase1
3111,2.3607086767275804,1.4477717574559645,0.09173114869096333,0.1284270723583107,False,0.5397075739981766,0.1284270723583107,normal,phase1
3112,5.640250121985215,1.1485172571830602,0.21916580715552428,0.101881189582125,False,-0.6541193939912453,0.21916580715552428,normal,phase1
3113,5.26724155382955,1.5491532204208724,0.20467164073600586,0.1374202885976333,False,1.682081416964939,0.20467164073600586,normal,phase1
3114,13.860828985890107,1.0047358445043593,0.5385966414319339,0.08912681321390847,False,-0.741526749424585,0.5385966414319339,normal,phase1
3115,4.314848041482405,1.5599448481206108,0.16766404562074194,0.13837757840821344,False,0.5038907045441378,0.16766404562074194,normal,phase1
3116,12.297508579395851,1.0446093994984307,0.47784997748586394,0.09266386517395298,False,0.4659447402615908,0.47784997748586394,normal,phase1
3117,5.7324382789578845,1.440877568166654,0.22274800500067654,0.12781551149441733,False,-0.1086819285119688,0.22274800500067654,normal,phase1
3118,7.969092318050119,1.5376690830592485,0.3096587052716739,0.13640156853190574,False,-0.6184055452547157,0.3096587052716739,normal,phase1
3119,7.032137647100727,1.4128105424106907,0.2732510243558345,0.12532577792344504,False,0.4345806551532255,0.2732510243558345,normal,phase1
3120,313.35107593779645,321.77163528650516,12.17602765757968,28.54330378733671,True,-0.6988761723757959,28.54330378733671,TCP +30,fault
3121,5.320095731230999,4.765059627293398,0.20672541994813282,0.42269277211307094,False,-3.046489389482692,0.42269277211307094,Cl2 +5,fault
3123,4.31917161010899,1.473427923313227,0.1678320485261706,0.13070294647453007,False,-0.7325296067621138,0.1678320485261706,normal,phase1
3124,13.398527939862042,1.5799729072113047,0.5206327959090828,0.14015420167827697,False,0.47701946739383166,0.5206327959090828,normal,phase1
3126,5.9823289922648355,1.392018114879966,0.2324581240021564,0.12348135004229505,False,-0.629623356716827,0.2324581240021564,normal,phase1
3127,9.34689582460674,1.3791224793667365,0.36319665325010664,0.12233742061651724,False,-0.6630478561753715,0.36319665325010664,normal,phase1
3128,8.350425966891526,1.202558028894016,0.3244763632010836,0.10667496875558907,False,-1.7944442693542055,0.3244763632010836,normal,phase1
3129,4.760961722713841,1.2559220526746222,0.184998891224326,0.11140871584528596,False,-1.8457256931810027,0.184998891224326,normal,phase1
3130,15.771446633589541,1.3457428248422203,0.6128383948767705,0.11937642121530753,False,-1.8457256931810027,0.6128383948767705,normal,phase1
3131,11.861299600852043,1.318359957596307,0.4609000034947476,0.11694737709626178,False,-0.6184055452547157,0.4609000034947476,normal,phase1
3132,18.36218841167753,1.108032127176137,0.7135080461592461,0.09828988681353727,False,-0.6876583609136764,0.7135080461592461,normal,phase1
3133,9.909491645224891,1.4133186355288143,0.3850576992075336,0.12537084919335342,False,-1.803326944552774,0.3850576992075336,normal,phase1
3134,18.031232490165653,1.769573676500921,0.7006479388763583,0.15697306251828722,False,0.4345577616604466,0.7006479388763583,normal,phase1
3135,11.850077980864597,1.1437068224443085,0.4604639598177917,0.10145447173306696,False,-0.7213346887927894,0.4604639598177917,normal,phase1
3136,14.005654191296038,1.0653739333519145,0.5442241814084915,0.09450581869870882,False,-1.9017002830276728,0.5442241814084915,normal,phase1
3137,8.272237090579319,1.5807287113348727,0.32143814187810493,0.14022124657700932,False,-1.8457485866737897,0.32143814187810493,normal,phase1
3138,16.9808972305778,1.0805496342125378,0.6598345759983206,0.09585200522464304,False,0.4569590443455049,0.6598345759983206,normal,phase1
3139,8.611441237849755,1.2831381344403838,0.33461875428343923,0.11382296497277487,False,-1.8794935950312397,0.33461875428343923,normal,phase1
3140,23.711459804868923,1.109674335431599,0.9213671582955892,0.09843556170833023,False,-0.6990364268252405,0.9213671582955892,normal,phase1
3141,2489.9254904059185,3884.104890442827,96.75218617252631,344.54617396923607,True,-0.6855979465634809,344.54617396923607,BCl3 -5,fault
3142,130.88580843295225,108.99465637198458,5.085890382519901,9.66855759443134,True,-4.173192636641677,9.66855759443134,Pr +2,fault
3143,229.18986846899247,151.34471427655214,8.90573670112264,13.42529198497216,True,-0.721369029031962,13.42529198497216,TCP -20,fault
3301,3.886570593800199,4.2434636996857895,0.15102227079201486,0.3764237123723473,False,0.7971528457436141,0.3764237123723473,normal,phase2
3302,4.282443843112157,4.078822971219371,0.16640490070031358,0.36181897468563023,False,0.7700827592693209,0.36181897468563023,normal,phase2
3303,5.8175053959117,3.4032666395532742,0.22605349730090352,0.3018925937197164,False,2.5693927356646404,0.3018925937197164,normal,phase2
3304,4.840860672756589,4.2210100953140985,0.18810356167302492,0.37443192695555255,False,4.314940660954151,0.37443192695555255,normal,phase2
3305,3.5944888043467853,3.374339637034734,0.13967271363470637,0.29932657443772287,False,0.7699968224868599,0.29932657443772287,normal,phase2
3307,3.86037852094976,2.2178773486338006,0.15000451330552197,0.19674060725936973,False,1.065533417360369,0.19674060725936973,normal,phase2
3308,2.1085259552573925,2.5392399743912053,0.08193196806841374,0.22524762915619537,False,0.7969809721787167,0.22524762915619537,normal,phase2
3309,2.7641707975500127,2.279577775901512,0.10740866288879199,0.20221384929247388,False,0.7968950353962434,0.20221384929247388,normal,phase2
3310,4.552492547810212,4.512127502290692,0.1768983080947398,0.40025599494002834,False,1.0386867665204522,0.40025599494002834,normal,phase2
3311,3.995660853175455,1.9376898552145865,0.15526124144609788,0.1718860959692242,False,0.9579921277922651,0.1718860959692242,normal,phase2
3312,4.182556154350824,6.842168511413473,0.16252351858803024,0.6069462717294237,False,1.6835907567992194,0.6069462717294237,normal,phase2
3313,2.32831121219949,4.246095299289179,0.09047226543055356,0.3766571529205152,False,-0.8682160615124502,0.3766571529205152,normal,phase2
3314,3.3997117528621192,2.0653859637913525,0.13210417167632513,0.18321359789872763,False,-1.0292959665519625,0.18321359789872763,normal,phase2
3315,1.6559803232715713,2.224481091204152,0.06434719318010261,0.19732640354980743,False,0.6895256193930737,0.19732640354980743,normal,phase2
3316,4.2905422757156915,1.9001798403157393,0.16671958524086788,0.1685587058797528,False,2.596239386504557,0.1685587058797528,normal,phase2
3317,2.4183142128473083,3.5635457746182366,0.09396955364593067,0.3161104287966252,False,0.8237073115231903,0.3161104287966252,normal,phase2
3318,110.70710272708325,86.01652908778709,4.301797083865981,7.630243474689395,True,0.7432704831423861,7.630243474689395,TCP -15,fault
3319,14.05355342960143,18.61298338635817,0.5460854242608991,1.651096557073543,True,7.752961954687037,1.651096557073543,Cl2 -10,fault
3320,9.838196246155675,13.434012907999644,0.3822873409174689,1.1916871142933776,True,2.6235672833262456,1.1916871142933776,RF -12,fault
3321,6.1104497874615085,23.147711352795813,0.23743657298675624,2.053357364878157,True,0.8505195876501129,2.053357364878157,normal,phase2
3322,4.039495073175215,2.8755396053681537,0.15696452800245697,0.25507966367346174,False,-1.002449315712046,0.25507966367346174,normal,phase2
3323,1.839581113908527,2.905858466603813,0.07148145400259567,0.2577691501658463,False,0.7164238323024694,0.2577691501658463,normal,phase2
3324,2.420963375310092,1.9376682830539125,0.09407249337677327,0.17188418237377964,False,-0.92166874020141,0.17188418237377964,normal,phase2
3326,3.063631223417335,3.4446067868326637,0.11904493513326617,0.3055597422592643,False,-2.747997241001556,0.3055597422592643,normal,phase2
3327,2.49383577374738,2.2629015040438407,0.09690412986051947,0.20073455204724,False,-2.6942351898957466,0.20073455204724,normal,phase2
3328,2.7399261680650455,2.472341209996967,0.10646657810968839,0.2193132597286292,False,0.8237588735926572,0.2193132597286292,normal,phase2
3329,3.128833483216886,2.3978191213162208,0.12157852949313883,0.2127026502689501,False,-2.6405762629289073,0.2127026502689501,normal,phase2
3330,2.79968642344275,3.5204792570364294,0.10878870998724863,0.31229013962382207,False,-0.9486528898932667,0.31229013962382207,normal,phase2
3331,4.79562555407954,4.849861601031156,0.18634583974895855,0.43021527637609386,False,0.9849762774841219,0.43021527637609386,normal,phase2
3332,0.9042429050953971,2.3977742820295145,0.035136584703469705,0.2126986727232571,False,-2.667560412620764,0.2126986727232571,normal,phase2
3333,2.253380202333227,2.3402497459364033,0.0875606365305682,0.2075958602660021,False,-0.9754651660201892,0.2075958602660021,normal,phase2
3334,2.4041320508282604,2.364698114270347,0.09341847081823844,0.20976459463514285,False,-1.0560738679659276,0.20976459463514285,normal,phase2
3335,2.7005725849144575,2.448834258384547,0.10493739773131451,0.21722803534149482,False,-1.029261591838993,0.21722803534149482,normal,phase2
3336,0.8262996918215292,2.5107424737928143,0.03210790922277137,0.2227197095773443,False,-0.8948564640744752,0.2227197095773443,normal,phase2
3337,1.7037570163984461,1.961662005792126,0.0662036742378412,0.1740125866269891,False,-0.9218749884793016,0.1740125866269891,normal,phase2
3338,0.6869104010295288,2.1411076672109424,0.026691595094043986,0.18993062123757945,False,-0.7069986576209978,0.18993062123757945,normal,phase2
3339,33.55273842432174,30.491190353572428,1.3037742724176167,2.7047732418197676,True,2.5156306845588188,2.7047732418197676,BCl3 +10,fault
3340,35.72823452483861,28.258953033083255,1.3883085303887255,2.5067588086724184,True,-2.640576262928895,2.5067588086724184,Pr +1,fault
3341,182.21926827951467,123.92710985995018,7.0805783694061395,10.993166445729779,True,0.7968950353962556,10.993166445729779,TCP +20,fault
3342,3.4200920556974292,3.05371881233998,0.13289609852786033,0.27088535527413743,False,-0.8681301247300014,0.27088535527413743,normal,phase2
3343,1.5036040942169553,3.1563496228673316,0.05842623958588229,0.2799893970278937,False,-0.9218406137663196,0.2799893970278937,normal,phase2
