wafer,BCl3 Flow_mean_s4,Cl2 Flow_mean_s4,Endpt A_plateau,He Press_mean_s4,He Press_std_s4,Pressure_mean_s4,RF Btm Pwr_mean_s4,TCP Top Pwr_mean_s4,Vat Valve_mean_s4,clear_time,step5_time,fault
2915,-1.3462699337888402,-0.28376424657165916,61.956581747577935,1.6323906819206737,1.8040852618432377,0.1714379240637646,-1.7047586278483684,2.0599779202558985,-1.7128351694713226,0.5364674634084292,-0.7967401258508267,TCP +50
2916,0.6809428929841084,0.24371480373649096,-4.236002647286935,0.767272139352632,1.4310846857485635,-3.609602561749352,-0.2620897388875329,-0.7863968268293977,-21.235671269642747,2.263645874794107,2.333709890594546,RF -12
2917,-0.08755082433819805,1.6894959303638208,3.792856826728345,-0.10088752297639991,-0.09565471919900326,2.5871212050656114,1.1912015928001776,1.3806339256458398,3.0869678501388864,-1.042740413676083,-0.6084640538139509,RF +10
2918,-1.5318442059549693,2.0144857879457363,-1.7799588081641646,1.2123402025059344,0.5145329881983023,-18.86849126107648,1.567674513343806,0.051169139798841114,-167.80127954572217,-7.780384722364945,-7.828191464039929,Pr +3
2936,-1.2178610695987702,1.439333984436209,13.44313234991309,-1.046216933068085,-2.4192822019235094,-1.8682172415823197,1.0001850851779241,-0.8861844054910603,-1.9032071035825975,-4.571806397695098,-4.057966914331495,TCP +10
2937,0.7522707389996042,1.1072224355308087,-4.638238928481638,-0.2891168302955374,-0.9464930060902871,4.664520501927069,0.627933890628342,1.048618696656576,7.947527869997285,-1.043563020604613,-0.9486050316597815,BCl3 +5
2938,-0.6667886261997491,0.6160529568962223,7.075974581344716,1.8505510100464644,-0.704329427273336,11.849236108707135,0.9907888412768165,-0.4968844750206571,173.64302699594813,2.263678779071258,2.137241306156418,Pr -2
2939,0.8550248808796284,0.4965010803068922,-3.447213865237768,-2.4223823132458886,-1.715309666262607,-6.59512500674269,0.16568117371233754,-1.8238160874776268,-38.835362321140366,0.7020088817026602,0.5908287338181508,Cl2 -5
2940,0.5431747821351038,0.4257467897253933,-0.6477063554894791,0.0208127545651776,10.99028711787821,0.7000324106829875,0.1560891747300162,-0.07419644137979899,2.1580608241216765,-3.7846538277998145,-2.397162594760522,He Chuck
3120,0.5835967218441951,-0.6785056067480064,59.344628203597956,-0.3941599939814044,-1.1121295241691984,-2.574950346863594,-0.09957962793055301,1.633183598568044,-1.3647197982374424,-0.6988761723757959,-0.8969853724422177,TCP +30
3121,-0.11551327160298645,0.7177494418106296,-2.307633114455266,-1.1358179210647805,-1.5224200196374216,5.015867242103886,0.10008340453151633,-0.682168103997117,2.1742846856520868,-3.046489389482692,-5.83052570888432,Cl2 +5
3141,-447.4290510415747,-0.6785056067480064,7.744072310080495,-0.8351457884634327,0.08159897738064513,-5.399042572747423,0.37961164997839253,-0.2443575359943193,-2.111560073015078,-0.6855979465634809,-2.4308774156050785,BCl3 -5
3142,-0.6853304977116085,-0.18448984298203663,-4.998099415105205,0.19723955985892216,0.5044580749970297,-9.569641131395274,2.2573728203887207,0.5885077050141435,-13.309822100059003,-4.173192636641677,-7.560073913430223,Pr +2
3143,-0.881205169186627,-2.03031237851002,-35.574634893597654,0.4878115949827481,0.041576251146327174,0.512723820103183,-1.69688388762669,-0.17646041118126948,1.8093513695675616,-0.721369029031962,-0.8042201807347243,TCP -20
3318,-1.3638992255434335,1.3241857672391695,-15.793878043837184,-0.44072934853699014,-1.9523115787710803,-1.0279074694627417,-0.09336834933015585,1.477136426881073,-2.5776337950582078,0.7432704831423861,1.047213571998977,TCP -15
3319,2.8959223569393697,-0.2271900076487372,3.0051639943793576,-0.1525796325747597,-1.2256805175439494,-9.690256583955051,0.8210672621222893,-0.843822486808384,-39.17089859456922,7.752961954687037,6.067657164089879,Cl2 -10
3320,-0.3710616055123492,0.7241986080253775,-1.9239599364668754,-0.8239071623165378,-2.553297941607332,-3.177480252023064,0.13096949090824794,0.8646991472169155,-4.3539332595429565,2.6235672833262456,2.3409591794232547,RF -12
3339,0.6010570679469918,-0.5385194656149821,-16.445292056576026,-0.2108226602692411,2.5268756803982164,10.066892483117629,0.9543946927923544,0.05931671245204232,73.91543051237849,2.5156306845588188,2.910805932580474,BCl3 +10
3340,-0.7913425612305606,0.486414035716222,-8.360094604346749,0.37787779908282687,2.7942181121479304,-4.037706836915695,0.6966561904519878,-1.2876159801718674,-43.80137983590088,-2.640576262928895,-2.584084059373765,Pr +1
3341,0.3537707673936879,0.5869466434989371,20.033892656799697,-1.3803479875441655,1.0107686623277707,2.7123849387933165,-0.6414033904404197,-2.035033634839916,0.9375693557111159,0.7968950353962556,-0.7781699736153362,TCP +20
