var,role,frac_xbar_out,frac_r_out
BCl3 Flow,fault,0.18194444444444444,0.02777777777777778
BCl3 Flow,phase1,0.10253968253968253,0.020476190476190478
BCl3 Flow,phase2,0.13363363363363365,0.018393393393393395
Cl2 Flow,fault,0.00625,0.02777777777777778
Cl2 Flow,phase1,0.014285714285714285,0.02222222222222222
Cl2 Flow,phase2,0.01539039039039039,0.006006006006006006
He Press,fault,0.03888888888888888,0.02777777777777778
He Press,phase1,0.009523809523809523,0.0
He Press,phase2,0.024774774774774775,0.0
Pressure,fault,0.20763888888888887,0.20430555555555557
Pressure,phase1,0.14873015873015874,0.22603174603174603
Pressure,phase2,0.1126126126126126,0.2098348348348348
RF Btm Pwr,fault,0.018055555555555554,0.034166666666666665
RF Btm Pwr,phase1,0.006349206349206349,0.03476190476190476
RF Btm Pwr,phase2,0.003003003003003003,0.03340840840840841
TCP Top Pwr,fault,0.0,0.0
TCP Top Pwr,phase1,0.0015873015873015873,0.0031746031746031746
TCP Top Pwr,phase2,0.0,0.0
